scenario,time,LPI_boot,cilo_boot,cihi_boot,LPI_se,cilo_se,cihi_se,LPI_true,direction,N0,lambda,interaction,Observation_error,Process_error,Lag,accuracy_boot,precision_boot,interval_width
scenario01,1,1,1,1,1,1,1,1,decline,100,1.5,0,10,0.1,0,0,no,0
scenario01,2,1.0357619540354535,1.0329302014493482,1.0387506703033365,1.0357619540354535,1.0300315420727755,1.0415242462075431,1,decline,100,1.5,0,10,0.1,0,3.576195403545346,no,0.005619504396073816
scenario01,3,1.0232083205684255,1.019570750779901,1.0269929870144199,1.0232083205684255,1.0127108977117008,1.0338145562036853,0.9374999999999999,decline,100,1.5,0,10,0.1,0,9.142220860632063,no,0.0072538857291500345
scenario01,4,0.9525764559344,0.9470688745285946,0.9582128627325442,0.9525764559344,0.9380695354912686,0.9673077208773591,0.8695652173913043,decline,100,1.5,0,10,0.1,0,9.546292432456003,no,0.011698786102180468
scenario01,5,0.85910508066973,0.8524901748467026,0.8659576764984362,0.85910508066973,0.8417947266223168,0.8767713984073046,0.7954545454545453,decline,100,1.5,0,10,0.1,0,8.001781569908935,no,0.015676198354262767
scenario01,6,0.7729211668615401,0.765399578660561,0.7805822088296941,0.7729211668615401,0.7534466367872737,0.7928990601510578,0.7142857142857143,decline,100,1.5,0,10,0.1,0,8.208963360615613,no,0.019643180727967977
scenario01,7,0.6893728169031288,0.6803985349114293,0.6984546088803341,0.6893728169031288,0.6686016288281657,0.710789295440219,0.625,decline,100,1.5,0,10,0.1,0,10.299650704500607,no,0.026192030677998135
scenario01,8,0.5865569672619526,0.5775263072046661,0.595688080656363,0.5865569672619526,0.5657549383886026,0.6081238580496859,0.5263157894736841,decline,100,1.5,0,10,0.1,0,11.445823779771027,no,0.030963358148273366
scenario01,9,0.4626891161109905,0.45343466282327993,0.4719814253794021,0.4626891161109905,0.4436299868176093,0.48256705932636923,0.4166666666666667,decline,100,1.5,0,10,0.1,0,11.045387866637716,no,0.04008471760047436
scenario01,10,0.3447741012760431,0.33499979992998824,0.3544776328625733,0.3447741012760431,0.3280446181653863,0.3623567476140528,0.2941176470588233,decline,100,1.5,0,10,0.1,0,17.22319443385473,no,0.056494478153943845
scenario02,1,1,1,1,1,1,1,1,stable,100,1.5,0,10,0.1,0,0,no,0
scenario02,2,1.0406452939350541,1.0362835042749454,1.0452194283133198,1.0406452939350541,1.0371530365606552,1.044149310289217,1,stable,100,1.5,0,10,0.1,0,4.064529393505412,no,0.00858690669188966
scenario02,3,1.0696262335895184,1.0630118181955206,1.0764148439517045,1.0696262335895184,1.0631848295024862,1.0761066635217855,1,stable,100,1.5,0,10,0.1,0,6.962623358951836,no,0.012530569403861007
scenario02,4,1.0802695893535093,1.0719766978478988,1.0887698805635382,1.0802695893535093,1.070893137417582,1.089728138977651,1,stable,100,1.5,0,10,0.1,0,8.026958935350926,no,0.015545362825301114
scenario02,5,1.0777015817658533,1.066857035872388,1.0888912631876406,1.0777015817658533,1.0655131199137011,1.090029468088286,1,stable,100,1.5,0,10,0.1,0,7.770158176585329,no,0.02044557388432969
scenario02,6,1.0726607988777213,1.060270390417433,1.0856157474618036,1.0726607988777213,1.0576886134698635,1.0878449241070274,1,stable,100,1.5,0,10,0.1,0,7.2660798877721255,no,0.023628491943481312
scenario02,7,1.0717126694209533,1.0577829311284752,1.0862867561499938,1.0717126694209533,1.0539496582356547,1.0897750540762305,1,stable,100,1.5,0,10,0.1,0,7.171266942095333,no,0.026596517737276754
scenario02,8,1.0737217474265124,1.0582078789781952,1.0899017327214608,1.0737217474265124,1.0530760944462794,1.0947721603184248,1,stable,100,1.5,0,10,0.1,0,7.3721747426512385,no,0.02951775338371341
scenario02,9,1.0740706568446259,1.056884425313172,1.0920228673142327,1.0740706568446259,1.050526117451459,1.0981428797727635,1,stable,100,1.5,0,10,0.1,0,7.407065684462588,no,0.03271520525873919
scenario02,10,1.0712461799223407,1.0509510684600574,1.0927425314501347,1.0712461799223407,1.0441092014520215,1.0990884635460618,1,stable,100,1.5,0,10,0.1,0,7.124617992234072,no,0.03901200655213253
scenario03,1,1,1,1,1,1,1,1,growth,100,1.5,0,10,0.1,0,0,no,0
scenario03,2,1.076509392865549,1.073766861586675,1.0791172459494947,1.076509392865549,1.0747342361345056,1.078287481653015,1,growth,100,1.5,0,10,0.1,0,7.650939286554892,no,0.004970123250460108
scenario03,3,1.1485731010212643,1.1442736772439186,1.1527748300584395,1.1485731010212643,1.145151976465526,1.1520044461359031,1.0576923076923077,growth,100,1.5,0,10,0.1,0,8.592365914737716,no,0.007401490429265694
scenario03,4,1.2092999603045342,1.2034468761556947,1.2150454190191693,1.2092999603045342,1.204079784562966,1.2145427676317513,1.111111111111111,growth,100,1.5,0,10,0.1,0,8.8369964274081,no,0.00959112151178256
scenario03,5,1.2596167656119468,1.2520316331396095,1.2671533795960637,1.2596167656119468,1.2525264308494994,1.2667472375290318,1.1607142857142854,growth,100,1.5,0,10,0.1,0,8.520829037336988,no,0.01200503746003071
scenario03,6,1.305445460565817,1.2963243804529,1.314525173011999,1.305445460565817,1.2963574779413534,1.314597153570779,1.2068965517241377,growth,100,1.5,0,10,0.1,0,8.165481018310574,no,0.01394220831807868
scenario03,7,1.3509001840404316,1.3395753535114587,1.3619680147919546,1.3509001840404316,1.3397145170475857,1.3621792434273148,1.2499999999999998,growth,100,1.5,0,10,0.1,0,8.072014723234542,no,0.016576103508640642
scenario03,8,1.3950090400683797,1.38184736394662,1.4079092552378747,1.3950090400683797,1.381563893787628,1.4085850322400253,1.2903225806451613,growth,100,1.5,0,10,0.1,0,8.113200605299427,no,0.018682238281392934
scenario03,9,1.4347318235373887,1.4194135956831784,1.4498106586754977,1.4347318235373887,1.418942297996904,1.4506970497509337,1.3281249999999998,growth,100,1.5,0,10,0.1,0,8.026866713403404,no,0.021186581696762113
scenario03,10,1.4704202439243632,1.451519977527171,1.4899177604659273,1.4704202439243632,1.4517246929784489,1.4893565592706215,1.3636363636363635,growth,100,1.5,0,10,0.1,0,7.830817887786644,no,0.026113475448540837
scenario04,1,1,1,1,1,1,1,1,decline,100,1.5,-0.01,10,0.1,0,0,no,0
scenario04,2,1.033743626813412,1.0299238104931896,1.0372414627478779,1.033743626813412,1.0281140961709025,1.0394039824542098,0.999887493671163,decline,100,1.5,-0.01,10,0.1,0,3.3859942600085455,no,0.007078788265176986
scenario04,3,1.0211004419497771,1.015136633307679,1.0267571567641114,1.0211004419497771,1.010799714681221,1.0315061405402677,0.9373697826231653,decline,100,1.5,-0.01,10,0.1,0,8.93251104087197,no,0.011380392152453834
scenario04,4,0.9519086085304811,0.9434073725705968,0.9599984120274784,0.9519086085304811,0.9376670872675541,0.9663664335654361,0.8694123506937042,decline,100,1.5,-0.01,10,0.1,0,9.488737740032468,no,0.01742923565161802
scenario04,5,0.8590217876288802,0.848671559173392,0.8690552535064593,0.8590217876288802,0.8420237551413583,0.8763629613955911,0.7952718946144371,decline,100,1.5,-0.01,10,0.1,0,8.016112910082175,no,0.023728960809401022
scenario04,6,0.7717156828822821,0.7600031431610145,0.7832874990737017,0.7717156828822821,0.7526191447325528,0.7912967659334483,0.7140624651118646,decline,100,1.5,-0.01,10,0.1,0,8.073973999093429,no,0.0301721947981184
scenario04,7,0.687071371210852,0.6740597963039143,0.7002257576671622,0.687071371210852,0.666735029048282,0.7080279999858465,0.6247186866902575,decline,100,1.5,-0.01,10,0.1,0,9.980921949195617,no,0.03808332359582182
scenario04,8,0.5856306552407629,0.5720933778730438,0.5993303427413909,0.5856306552407629,0.5652322044213814,0.6067652580213664,0.5259455934913986,decline,100,1.5,-0.01,10,0.1,0,11.348143703069237,no,0.046508775837817866
scenario04,9,0.46558500904220235,0.45223044032416143,0.4793022146203183,0.46558500904220235,0.44676392816175303,0.4851989764185824,0.4161455074049622,decline,100,1.5,-0.01,10,0.1,0,11.880340111212414,no,0.05814571725977325
scenario04,10,0.351244095592401,0.3382513356735566,0.3650808474756988,0.351244095592401,0.3345379812350301,0.36878447772376644,0.2932892746349873,decline,100,1.5,-0.01,10,0.1,0,19.760293324582463,no,0.07638423574606178
scenario05,1,1,1,1,1,1,1,1,stable,100,1.5,-0.01,10,0.1,0,0,no,0
scenario05,2,1.0371454387164667,1.0301458117669708,1.0437227636268898,1.0371454387164667,1.03351257297003,1.040791074228726,0.999887493671163,stable,100,1.5,-0.01,10,0.1,0,3.726213727157271,no,0.013090692349494644
scenario05,3,1.0637892428664188,1.0524080448154074,1.074630591895271,1.0637892428664188,1.0571022865997555,1.0705184990927732,0.999887493671163,stable,100,1.5,-0.01,10,0.1,0,6.390893935540257,no,0.0208899904082355
scenario05,4,1.0740612964885958,1.0607153464320385,1.0867715311679962,1.0740612964885958,1.0643819526590526,1.0838286629464224,0.999887493671163,stable,100,1.5,-0.01,10,0.1,0,7.418214877865712,no,0.024259495078300105
scenario05,5,1.0725643822048643,1.056348784255724,1.0883866415193721,1.0725643822048643,1.0600162948825365,1.0852610092205994,0.999887493671163,stable,100,1.5,-0.01,10,0.1,0,7.268506606364533,no,0.02987033486771967
scenario05,6,1.0688332290665952,1.0505693124536954,1.086974330671436,1.0688332290665952,1.0534427356257599,1.084448573161711,0.999887493671163,stable,100,1.5,-0.01,10,0.1,0,6.895349309980128,no,0.03406052247227821
scenario05,7,1.068645850943622,1.0490832670679613,1.0879356206923396,1.068645850943622,1.050401654874232,1.0872069264549606,0.999887493671163,stable,100,1.5,-0.01,10,0.1,0,6.876609389323144,no,0.03635662234600118
scenario05,8,1.0708979172024748,1.0496031496265097,1.0917369146488642,1.0708979172024748,1.0497022155288027,1.0925216047970998,0.999887493671163,stable,100,1.5,-0.01,10,0.1,0,7.101841355230041,no,0.03934433370868935
scenario05,9,1.0714344075939999,1.0488149283519714,1.093608325644426,1.0714344075939999,1.0472221029916116,1.0962065129229814,0.999887493671163,stable,100,1.5,-0.01,10,0.1,0,7.1554964309181335,no,0.04180694308020412
scenario05,10,1.068984316845915,1.0446491872325898,1.0928831184377108,1.068984316845915,1.041031406562291,1.0976877954489952,0.999887493671163,stable,100,1.5,-0.01,10,0.1,0,6.910459787936513,no,0.045121271140288854
scenario06,1,1,1,1,1,1,1,1,growth,100,1.5,-0.01,10,0.1,0,0,no,0
scenario06,2,1.0776510563379798,1.0735020113277765,1.0814994236971172,1.0776510563379798,1.0757257378649596,1.0795798207183462,0.999887493671163,growth,100,1.5,-0.01,10,0.1,0,7.7772312544186235,no,0.007421152071726367
scenario06,3,1.1505706699394347,1.1437922066192696,1.157296634374248,1.1505706699394347,1.1468518441812532,1.1543015545045934,1.0575939639594913,growth,100,1.5,-0.01,10,0.1,0,8.791342343885066,no,0.011737156271929956
scenario06,4,1.211467778394733,1.2034359679720803,1.2194775388034393,1.211467778394733,1.2057856521435693,1.2171766810125564,1.1110243021644484,growth,100,1.5,-0.01,10,0.1,0,9.040619186691512,no,0.013241434165599584
scenario06,5,1.2612226181706383,1.2512262537685057,1.2712783996043564,1.2612226181706383,1.2535028339131122,1.2689899452556481,1.1606370166588582,growth,100,1.5,-0.01,10,0.1,0,8.666413363356035,no,0.015898974175499375
scenario06,6,1.3060855565744043,1.2941480354724888,1.318228946858384,1.3060855565744043,1.2961909646642829,1.3160556797540202,1.2068272763369325,growth,100,1.5,-0.01,10,0.1,0,8.22472960163356,no,0.018437468559911657
scenario06,7,1.3506218215130301,1.336927451272495,1.3644979465498308,1.3506218215130301,1.3384495832643386,1.3629047575316162,1.2499374984374214,growth,100,1.5,-0.01,10,0.1,0,8.055148613548816,no,0.02041318660648481
scenario06,8,1.3941715156016485,1.3787927247777134,1.4099420088560206,1.3941715156016485,1.3795437148987233,1.4089544201632591,1.2902658757701446,growth,100,1.5,-0.01,10,0.1,0,8.053040988120673,no,0.022342505014431354
scenario06,9,1.4337416266180703,1.4161008811016043,1.4517185638287133,1.4337416266180703,1.4165633663610542,1.4511282027418289,1.3280732986260346,growth,100,1.5,-0.01,10,0.1,0,7.956513251290826,no,0.02484246956763372
scenario06,10,1.4695139668593573,1.4489241077730208,1.4906947715979983,1.4695139668593573,1.4491767923797398,1.4901365452096347,1.363589014329464,growth,100,1.5,-0.01,10,0.1,0,7.7680995825550285,no,0.028424815801002357
scenario07,1,1,1,1,1,1,1,1,decline,100,1.5,0.01,10,0.1,0,0,no,0
scenario07,2,1.03026428571248,1.0277517215240533,1.0328785763298431,1.03026428571248,1.02550779051237,1.0350428424188973,0.985,decline,100,1.5,0.01,10,0.1,0,4.595358955581723,no,0.004976252090738459
scenario07,3,1.0129413051330232,1.0090916931753844,1.0167472621632394,1.0129413051330232,1.0042450532791696,1.021712862108927,0.9218750000000002,decline,100,1.5,0.01,10,0.1,0,9.878378861887231,no,0.0075577616877314175
scenario07,4,0.9398724106045487,0.9338241294033925,0.9456521801840176,0.9398724106045487,0.9278831671328474,0.9520165679319114,0.8532608695652174,decline,100,1.5,0.01,10,0.1,0,10.150651943463036,no,0.012584740915011017
scenario07,5,0.8463683420808864,0.8392095798254909,0.8532900058180205,0.8463683420808864,0.8320871869240838,0.860894605437668,0.7784090909090909,decline,100,1.5,0.01,10,0.1,0,8.73053153739854,no,0.016636286227236882
scenario07,6,0.7609634786716291,0.7526517907925057,0.7693911042215944,0.7609634786716291,0.7449041787311615,0.7773689991354089,0.6964285714285715,decline,100,1.5,0.01,10,0.1,0,9.266550783618518,no,0.02199752537179526
scenario07,7,0.6772330609476803,0.6670908444062515,0.6876837105290677,0.6772330609476803,0.6601450915294329,0.6947633553980846,0.6062500000000001,decline,100,1.5,0.01,10,0.1,0,11.708546135699835,no,0.030407355030777346
scenario07,8,0.5726731944027336,0.5623093917308231,0.5833797656425276,0.5726731944027336,0.5556477081002105,0.590220355103642,0.506578947368421,decline,100,1.5,0.01,10,0.1,0,13.047176037942219,no,0.03679301583808153
scenario07,9,0.4467993341002451,0.43629381066250356,0.45749689366665686,0.4467993341002451,0.43133645149949135,0.4628165420715847,0.3958333333333335,decline,100,1.5,0.01,10,0.1,0,12.875621246377664,no,0.04745549374385621
scenario07,10,0.32827547440222343,0.3177256945428586,0.33898251909059113,0.32827547440222343,0.314859081922126,0.34226354989073576,0.2720588235294117,decline,100,1.5,0.01,10,0.1,0,20.663417618114593,no,0.06475300838858085
scenario08,1,1,1,1,1,1,1,1,stable,100,1.5,0.01,10,0.1,0,0,no,0
scenario08,2,1.0263997016809736,1.021664701099719,1.030983814019556,1.0263997016809736,1.0232295306714974,1.0295796945182296,0.985,stable,100,1.5,0.01,10,0.1,0,4.2030153990836165,no,0.009079418967654245
scenario08,3,1.0464024684114286,1.0388578995425024,1.054020046639948,1.0464024684114286,1.0406240856477589,1.0522129374085658,0.985,stable,100,1.5,0.01,10,0.1,0,6.233753138216102,no,0.014489785293094479
scenario08,4,1.0560379011025187,1.0473889156634018,1.0648312715162656,1.0560379011025187,1.0477471749237337,1.0643942310282926,0.985,stable,100,1.5,0.01,10,0.1,0,7.211969655078043,no,0.016516789629097337
scenario08,5,1.0571957080915884,1.0466733724505013,1.068072671451735,1.0571957080915884,1.0464715124035062,1.0680298048823698,0.985,stable,100,1.5,0.01,10,0.1,0,7.3295135118363834,no,0.02024156817649493
scenario08,6,1.0552505665241234,1.0427107089102337,1.0682884185833,1.0552505665241234,1.0421163834244698,1.068550284652723,0.985,stable,100,1.5,0.01,10,0.1,0,7.132037210570906,no,0.024238517831188067
scenario08,7,1.0544532668195428,1.0400651059930248,1.0695239928246718,1.0544532668195428,1.0389158220683534,1.0702230809160322,0.985,stable,100,1.5,0.01,10,0.1,0,7.051093078126171,no,0.027937593593409134
scenario08,8,1.05558455934637,1.0394473355322842,1.072279214980006,1.05558455934637,1.037574357122942,1.0739073824262226,0.985,stable,100,1.5,0.01,10,0.1,0,7.1659451113065975,no,0.031103031166022064
scenario08,9,1.05714920679633,1.0391371869690753,1.075753084734352,1.05714920679633,1.0365340015650908,1.078174419500632,0.985,stable,100,1.5,0.01,10,0.1,0,7.324792568155327,no,0.034636452006846216
scenario08,10,1.058123780567854,1.037599451553054,1.0791051283344473,1.058123780567854,1.0342134220198325,1.0825869314445402,0.985,stable,100,1.5,0.01,10,0.1,0,7.423734067802444,no,0.03922572910999012
scenario09,1,1,1,1,1,1,1,1,growth,100,1.5,0.01,10,0.1,0,0,no,0
scenario09,2,1.0697485368077402,1.0675572069342973,1.0716991344977125,1.0697485368077402,1.068207701772516,1.0712915944187815,0.985,growth,100,1.5,0.01,10,0.1,0,8.603912366268041,no,0.0038718702768925054
scenario09,3,1.1372424470271254,1.1339256281622438,1.1403154813798133,1.1372424470271254,1.1342862672061729,1.1402063312516189,1.0432692307692306,growth,100,1.5,0.01,10,0.1,0,9.007570959282083,no,0.005618725571027734
scenario09,4,1.1972942367119055,1.192614068464988,1.2019185110381843,1.1972942367119055,1.1927885780510927,1.2018169151198395,1.0972222222222219,growth,100,1.5,0.01,10,0.1,0,9.120487396528128,no,0.007771224723129724
scenario09,5,1.2495188309470824,1.2430852215365922,1.2561077152172542,1.2495188309470824,1.243392392338944,1.255675455721913,1.1473214285714284,growth,100,1.5,0.01,10,0.1,0,8.907477872430544,no,0.01042200674222052
scenario09,6,1.2970158678614034,1.2893402196909558,1.3048509823562882,1.2970158678614034,1.2891556357373815,1.304924025346282,1.193965517241379,growth,100,1.5,0.01,10,0.1,0,8.63093189308508,no,0.011958807173968827
scenario09,7,1.342408940296412,1.3329856489821024,1.352000827263182,1.342408940296412,1.332734952466786,1.3521531491706302,1.2374999999999998,growth,100,1.5,0.01,10,0.1,0,8.477490124962593,no,0.014164966956254788
scenario09,8,1.385693032718238,1.374238510290069,1.3970774956236793,1.385693032718238,1.3740710698000582,1.3974132947892342,1.2782258064516125,growth,100,1.5,0.01,10,0.1,0,8.407530635370067,no,0.016481994781202308
scenario09,9,1.4257616589621045,1.4125208570814296,1.4390411597473491,1.4257616589621045,1.4121092724352626,1.4395460378648315,1.3164062499999998,growth,100,1.5,0.01,10,0.1,0,8.307117119969973,no,0.018600796633306313
scenario09,10,1.4634388644493599,1.4473825948734278,1.4798500899201479,1.4634388644493599,1.4472515227169291,1.4798072597362344,1.352272727272727,growth,100,1.5,0.01,10,0.1,0,8.220689135751,no,0.02218575427743369
scenario10,1,1,1,1,1,1,1,1,decline,100,1.5,-0.01,10,0.1,1,0,no,0
scenario10,2,1.0216964537869575,1.0177578515132635,1.025545576137881,1.0216964537869575,1.0155603267081363,1.0278696560197969,0.999887493671163,decline,100,1.5,-0.01,10,0.1,1,2.1811414037914623,no,0.007622346731019892
scenario10,3,0.9955632383269831,0.9878167356701687,1.003074524471757,0.9955632383269831,0.9844538785979225,1.0067979648977747,0.9373697826231653,decline,100,1.5,-0.01,10,0.1,1,6.208164246661274,no,0.015325785660013453
scenario10,4,0.9165294897087325,0.904172239772997,0.9282928374220245,0.9165294897087325,0.9013468155589995,0.9319679073640262,0.8694123506937042,decline,100,1.5,-0.01,10,0.1,1,5.4194237035433845,no,0.026317317576647643
scenario10,5,0.821484803618857,0.8072983955671804,0.8350562676965021,0.821484803618857,0.8035145026980343,0.8398570035895422,0.7952718946144371,decline,100,1.5,-0.01,10,0.1,1,3.296093975146497,no,0.03378987901789655
scenario10,6,0.7360757390319482,0.7215496836959446,0.7503913345833506,0.7360757390319482,0.7159779057266613,0.7567377278793775,0.7140624651118646,decline,100,1.5,-0.01,10,0.1,1,3.0828218812250676,no,0.039182993485612154
scenario10,7,0.6489173415286215,0.6329804788546672,0.6645703288729516,0.6489173415286215,0.6277347974522173,0.6708146781820344,0.6247186866902575,decline,100,1.5,-0.01,10,0.1,1,3.8735282542239498,no,0.04868085347183018
scenario10,8,0.5355392604343119,0.516476601686341,0.5541774927738695,0.5355392604343119,0.5148845406245761,0.5570225494022929,0.5259455934913986,decline,100,1.5,-0.01,10,0.1,1,1.8240797264271025,no,0.0703979966976722
scenario10,9,0.40047236794096724,0.37708123246519815,0.42356172930790825,0.40047236794096724,0.38238951091180706,0.41941034706162356,0.4161455074049622,decline,100,1.5,-0.01,10,0.1,1,-3.7662642477461636,no,0.11606417961291575
scenario10,10,0.2786833159166702,0.254284167773025,0.30464236265140504,0.2786833159166702,0.26370130082696136,0.2945165242900087,0.2932892746349873,decline,100,1.5,-0.01,10,0.1,1,-4.980052112882365,no,0.1807004294919391
scenario11,1,1,1,1,1,1,1,1,stable,100,1.5,-0.01,10,0.1,1,0,no,0
scenario11,2,1.0382992241004587,1.0301605188018852,1.0467461480964275,1.0382992241004587,1.034752429666825,1.0418581757906438,0.999887493671163,stable,100,1.5,-0.01,10,0.1,1,3.841605247832843,no,0.01597384348323236
scenario11,3,1.0654167891782251,1.0524607537271673,1.079215190345006,1.0654167891782251,1.0588773738133177,1.0719965906675057,0.999887493671163,stable,100,1.5,-0.01,10,0.1,1,6.553666879707267,no,0.025111709229281895
scenario11,4,1.0751920609633774,1.060613260148673,1.0906775291689472,1.0751920609633774,1.065743112386521,1.0847247845402033,0.999887493671163,stable,100,1.5,-0.01,10,0.1,1,7.531304048591298,no,0.027961766192113078
scenario11,5,1.0727432661516945,1.0548905872985288,1.0915684588792784,1.0727432661516945,1.0605175120468031,1.0851099599975473,0.999887493671163,stable,100,1.5,-0.01,10,0.1,1,7.286397013831618,no,0.034190726465546606
scenario11,6,1.0684297430734142,1.0480181346583857,1.090105192408148,1.0684297430734142,1.0534507773165966,1.0836216940213532,0.999887493671163,stable,100,1.5,-0.01,10,0.1,1,6.854996170678472,no,0.03939150704350094
scenario11,7,1.0684800555222251,1.0470665978300486,1.0911573900523153,1.0684800555222251,1.0507327900714436,1.0865270788505152,0.999887493671163,stable,100,1.5,-0.01,10,0.1,1,6.860027981670147,no,0.041264965119743896
scenario11,8,1.0716537248206865,1.0485077356189276,1.0960790800480067,1.0716537248206865,1.0510256047251063,1.0926867059746128,0.999887493671163,stable,100,1.5,-0.01,10,0.1,1,7.1774306213220385,no,0.04439059308736961
scenario11,9,1.0733520355549355,1.0481835508104915,1.0996430876595422,1.0733520355549355,1.0497510348504278,1.097483645152183,0.999887493671163,stable,100,1.5,-0.01,10,0.1,1,7.347280803967438,no,0.04794283249525447
scenario11,10,1.0720154404316522,1.0445483452914666,1.10046404846599,1.0720154404316522,1.044735618575319,1.1000075847811426,0.999887493671163,stable,100,1.5,-0.01,10,0.1,1,7.21360625240605,no,0.0521594195994124
scenario12,1,1,1,1,1,1,1,1,growth,100,1.5,-0.01,10,0.1,1,0,no,0
scenario12,2,1.0885209845014112,1.0806755525864165,1.0967407179044488,1.0885209845014112,1.0854519044019404,1.091598742325449,1.0276349808400616,growth,100,1.5,-0.01,10,0.1,1,5.924866786023295,no,0.014758709796845026
scenario12,3,1.1690398481505322,1.1557047679811736,1.1832315615632019,1.1690398481505322,1.1630637958793701,1.175046606562556,1.0833641514354186,growth,100,1.5,-0.01,10,0.1,1,7.9083008794038765,no,0.023546497260616688
scenario12,4,1.231028396533344,1.215839704531028,1.2471883985908219,1.231028396533344,1.221858536226787,1.2402670752305314,1.1350138538417487,growth,100,1.5,-0.01,10,0.1,1,8.459327819357371,no,0.025465451607837603
scenario12,5,1.2768429968358768,1.2578466953625176,1.2968946669007477,1.2768429968358768,1.2643830274155996,1.2894257540780303,1.1830191582631848,growth,100,1.5,-0.01,10,0.1,1,7.930880739956628,no,0.030581654623939095
scenario12,6,1.3171548286601809,1.2940340251796667,1.341521624291972,1.3171548286601809,1.301214954647027,1.3332899660175248,1.2277546438589602,growth,100,1.5,-0.01,10,0.1,1,7.281600216165882,no,0.03605316404648503
scenario12,7,1.3596969773132879,1.33375505866271,1.386995383346451,1.3596969773132879,1.3401059580541705,1.3795743978329198,1.2695447812554326,growth,100,1.5,-0.01,10,0.1,1,7.101143448339429,no,0.039156021946111785
scenario12,8,1.403660993805842,1.3755405740045916,1.433129524797012,1.403660993805842,1.3801177073689024,1.4276059027517105,1.3086721735648328,growth,100,1.5,-0.01,10,0.1,1,7.258412164618655,no,0.04102767765618069
scenario12,9,1.443915987973623,1.4131384086101337,1.4759605656641135,1.443915987973623,1.4162660118774824,1.4721057787456118,1.345384180726829,growth,100,1.5,-0.01,10,0.1,1,7.323693013363906,no,0.04350818023848031
scenario12,10,1.4794463207279633,1.444757638413081,1.5155648383384652,1.4794463207279633,1.4467183843705864,1.5129146346389704,1.3798982999416365,growth,100,1.5,-0.01,10,0.1,1,7.214156346923341,no,0.04786060767013402
scenario13,1,1,1,1,1,1,1,1,decline,100,1.5,0.01,10,0.1,1,0,no,0
scenario13,2,1.0155879436518327,1.010073456937999,1.0211466496121737,1.0155879436518327,1.0085178850214291,1.022707565834633,0.952914935867835,decline,100,1.5,0.01,10,0.1,1,6.576978219668718,no,0.01090323368191822
scenario13,3,0.9826715302500474,0.9713779282700111,0.9944287239079878,0.9826715302500474,0.9699588113186876,0.9955508678261805,0.8869046533480558,decline,100,1.5,0.01,10,0.1,1,10.797877375033792,no,0.023457274306208097
scenario13,4,0.8995213314318649,0.8832339961015692,0.9161078672454176,0.8995213314318649,0.8822579115437567,0.9171225501227196,0.8149760841807331,decline,100,1.5,0.01,10,0.1,1,10.373954388627508,no,0.03654596060720378
scenario13,5,0.8054712005702033,0.7879599241133576,0.8233579040770874,0.8054712005702033,0.7850975621819879,0.8263735441298118,0.7362787048182443,decline,100,1.5,0.01,10,0.1,1,9.39759567934803,no,0.04394692192429867
scenario13,6,0.7234718136738264,0.7062271240443556,0.7413848040088301,0.7234718136738264,0.7006813156491487,0.747003599911294,0.6497767473744899,decline,100,1.5,0.01,10,0.1,1,11.341597956084353,no,0.04859578396833737
scenario13,7,0.6359522582003406,0.616837579539942,0.6563671997497651,0.6359522582003406,0.6120084490149181,0.6608328289602654,0.5541782085593996,decline,100,1.5,0.01,10,0.1,1,14.755912155679084,no,0.062158156842915535
scenario13,8,0.514674467785345,0.4895969108999798,0.5412709146647446,0.514674467785345,0.49170491600403743,0.5387170214664949,0.4477955262542642,decline,100,1.5,0.01,10,0.1,1,14.93515178467996,no,0.10040133521120477
scenario13,9,0.36940796892952926,0.33804563676174476,0.40148104548784275,0.36940796892952926,0.3499689551460861,0.38992672207646867,0.32816147089564335,decline,100,1.5,0.01,10,0.1,1,12.568964272774869,no,0.17172181994319496
scenario13,10,0.2432033485656054,0.21099109498539495,0.2763489837553526,0.2432033485656054,0.22781378597616922,0.2596325261883432,0.19008632907181935,decline,100,1.5,0.01,10,0.1,1,27.94362948306352,no,0.26873761876813557
scenario14,1,1,1,1,1,1,1,1,stable,100,1.5,0.01,10,0.1,1,0,no,0
scenario14,2,1.0327604384406248,1.027448175523714,1.037670793910535,1.0327604384406248,1.0296787951184694,1.035851304566639,0.985,stable,100,1.5,0.01,10,0.1,1,4.848775476205567,no,0.009898344288106415
scenario14,3,1.0562639267555267,1.0483447992156911,1.0642185607498678,1.0562639267555267,1.0506241423902147,1.0619339856656582,0.985,stable,100,1.5,0.01,10,0.1,1,7.234916421880887,no,0.015028215138365348
scenario14,4,1.0652821921451219,1.055872793074918,1.074969875448793,1.0652821921451219,1.0571326592717227,1.0734945505167894,0.985,stable,100,1.5,0.01,10,0.1,1,8.150476359910853,no,0.01792678270104172
scenario14,5,1.0635636017980912,1.0514575337489815,1.076606434423071,1.0635636017980912,1.0529944145372554,1.0742388748252065,0.985,stable,100,1.5,0.01,10,0.1,1,7.976000182547328,no,0.023645883171981467
scenario14,6,1.0593414890852546,1.0453616631927096,1.074496337872489,1.0593414890852546,1.0463738694231322,1.0724698153213992,0.985,stable,100,1.5,0.01,10,0.1,1,7.547359297995393,no,0.02750262779279727
scenario14,7,1.0579855074775195,1.0427769439223762,1.0743216186407074,1.0579855074775195,1.0426225669500078,1.0735748194160604,0.985,stable,100,1.5,0.01,10,0.1,1,7.40969619061112,no,0.029815790949292844
scenario14,8,1.0590993613435842,1.0419440946909881,1.0772210496604462,1.0590993613435842,1.04127456659879,1.0772292853193088,0.985,stable,100,1.5,0.01,10,0.1,1,7.522777801379106,no,0.03330844702304923
scenario14,9,1.0594298190886298,1.0404919932774213,1.079459571215659,1.0594298190886298,1.0390867283582903,1.0801711839275383,0.985,stable,100,1.5,0.01,10,0.1,1,7.556326811028404,no,0.03678165106940202
scenario14,10,1.0577077924281217,1.0363211341942171,1.080443490064292,1.0577077924281217,1.0342084320651408,1.0817411069925458,0.985,stable,100,1.5,0.01,10,0.1,1,7.381501769352463,no,0.04171507120013335
scenario15,1,1,1,1,1,1,1,1,growth,100,1.5,0.01,10,0.1,1,0,no,0
scenario15,2,1.0830191946214018,1.0769331891078524,1.0890878577906797,1.0830191946214018,1.080635352536338,1.085408295374964,1.0137160313952287,growth,100,1.5,0.01,10,0.1,1,6.836546042463952,no,0.011222948534237491
scenario15,3,1.159030927158233,1.1491725528128414,1.1691274126107176,1.159030927158233,1.1544062574160556,1.1636741238012196,1.0699056891897918,growth,100,1.5,0.01,10,0.1,1,8.33019572369348,no,0.01721684842940518
scenario15,4,1.2192432662502346,1.206950684474458,1.2318593334183385,1.2192432662502346,1.2121648767627107,1.2263629897169044,1.1219922314616608,growth,100,1.5,0.01,10,0.1,1,8.667710173169493,no,0.020429597302994963
scenario15,5,1.266244509893739,1.250301020732906,1.2828331065384366,1.266244509893739,1.256631855177961,1.2759306969891908,1.1704111341346697,growth,100,1.5,0.01,10,0.1,1,8.188009577499669,no,0.02569178823785046
scenario15,6,1.3093594052554653,1.2902174103759674,1.3291621962821916,1.3093594052554653,1.2970461488080982,1.321789555218517,1.2155378758336604,growth,100,1.5,0.01,10,0.1,1,7.718519618934849,no,0.029743388828085582
scenario15,7,1.3545293337029998,1.3328445460679081,1.3768079027898332,1.3545293337029998,1.3393759176825368,1.3698541922692469,1.2576980700803635,growth,100,1.5,0.01,10,0.1,1,7.699086603229742,no,0.03245655566700683
scenario15,8,1.3997581978718172,1.375163771091361,1.4250080515596721,1.3997581978718172,1.3815322246965036,1.418224618640208,1.2971755627224073,growth,100,1.5,0.01,10,0.1,1,7.908153537376063,no,0.03560920775037728
scenario15,9,1.4397595548773536,1.4125746647407684,1.4673310659277552,1.4397595548773536,1.418352825665042,1.4614893687603316,1.3342189737394547,growth,100,1.5,0.01,10,0.1,1,7.910289331450383,no,0.038031628962970285
scenario15,10,1.474159286138157,1.4434318166147877,1.5048122239313182,1.474159286138157,1.448837401919943,1.4999237305908804,1.3690470308675569,growth,100,1.5,0.01,10,0.1,1,7.677768031386846,no,0.04163756786237683
scenario16,1,1,1,1,1,1,1,1,decline,100,1.5,-0.01,10,0.1,2,0,no,0
scenario16,2,1.024953899933745,1.0201503509656744,1.0292626982760615,1.024953899933745,1.0169086641592073,1.033062785297424,0.999887493671163,decline,100,1.5,-0.01,10,0.1,2,2.506922670924589,no,0.008890494792962068
scenario16,3,0.9985686609257277,0.9894818642227671,1.007237010104742,0.9985686609257277,0.9840099199494452,1.0133428031236007,0.9373697826231653,decline,100,1.5,-0.01,10,0.1,2,6.528787191251413,no,0.017780595943713104
scenario16,4,0.9156314166067773,0.901990688887807,0.9292453076693007,0.9156314166067773,0.8957901555754828,0.9359121506964231,0.8694123506937042,decline,100,1.5,-0.01,10,0.1,2,5.3161271376228925,no,0.02976592795657464
scenario16,5,0.8165751837904959,0.8006649235407068,0.8323933772560059,0.8165751837904959,0.7931977831116878,0.840641571345129,0.7952718946144371,decline,100,1.5,-0.01,10,0.1,2,2.6787428702465292,no,0.038855520404156046
scenario16,6,0.7295476512577076,0.7125844503964028,0.7466291118919015,0.7295476512577076,0.7035186095490719,0.756539725078179,0.7140624651118646,decline,100,1.5,-0.01,10,0.1,2,2.1686038550446907,no,0.04666543910710588
scenario16,7,0.6428294552990022,0.6241689327139553,0.662351054732754,0.6428294552990022,0.6154402782094858,0.6714375435456226,0.6247186866902575,decline,100,1.5,-0.01,10,0.1,2,2.899027833582979,no,0.059396970229123755
scenario16,8,0.5300862797003051,0.5084158269360812,0.5517515940349947,0.5300862797003051,0.5034174672387574,0.5581678869184792,0.5259455934913986,decline,100,1.5,-0.01,10,0.1,2,0.7872841335962681,no,0.08175228969030147
scenario16,9,0.394868248094977,0.3710308012715326,0.41963632865607364,0.394868248094977,0.371597881463029,0.4195958619024287,0.4161455074049622,decline,100,1.5,-0.01,10,0.1,2,-5.1129374056367585,no,0.12309302563332476
scenario16,10,0.2729337837337593,0.248177566781612,0.29864474994821233,0.2729337837337593,0.2537455597302989,0.2935730200851728,0.2932892746349873,decline,100,1.5,-0.01,10,0.1,2,-6.940414349130684,no,0.1849063259088142
scenario17,1,1,1,1,1,1,1,1,stable,100,1.5,-0.01,10,0.1,2,0,no,0
scenario17,2,1.0396598981184069,1.034787975330068,1.0445524026593909,1.0396598981184069,1.0362258910878477,1.04310528529724,0.999887493671163,stable,100,1.5,-0.01,10,0.1,2,3.977687959793999,no,0.00939194379526876
scenario17,3,1.0682050735212634,1.0603563684688013,1.0764228086882504,1.0682050735212634,1.061874043606616,1.0745738498522786,0.999887493671163,stable,100,1.5,-0.01,10,0.1,2,6.832526687504325,no,0.015040595310493267
scenario17,4,1.0792726546914364,1.0699291837421658,1.089089832568066,1.0792726546914364,1.0700576795432613,1.0885669860917135,0.999887493671163,stable,100,1.5,-0.01,10,0.1,2,7.939409335824846,no,0.017753297781252696
scenario17,5,1.0776720287309893,1.0660976787025016,1.0900714161078,1.0776720287309893,1.0656867646569463,1.0897920852784764,0.999887493671163,stable,100,1.5,-0.01,10,0.1,2,7.7793287296988245,no,0.022245856592871423
scenario17,6,1.0735069733623739,1.0603572556055878,1.08769117806495,1.0735069733623739,1.0587778625033752,1.0884409871706882,0.999887493671163,stable,100,1.5,-0.01,10,0.1,2,7.362776328055802,no,0.025462268189789784
scenario17,7,1.0729002608042528,1.0583655940472525,1.0882234304601794,1.0729002608042528,1.0554220948561268,1.0906678714081233,0.999887493671163,stable,100,1.5,-0.01,10,0.1,2,7.302098245575396,no,0.027829088596311197
scenario17,8,1.0746776241935847,1.0588730873979002,1.0914491827173467,1.0746776241935847,1.0543664671513908,1.0953800523101593,0.999887493671163,stable,100,1.5,-0.01,10,0.1,2,7.4798545832215595,no,0.030312434711656816
scenario17,9,1.0744654283136568,1.0573294309695689,1.0925623780910152,1.0744654283136568,1.0513066047279747,1.0981344086009723,0.999887493671163,stable,100,1.5,-0.01,10,0.1,2,7.458632607622201,no,0.03279114077848315
scenario17,10,1.0709974956400177,1.0518594379869881,1.0919554948155978,1.0709974956400177,1.0443086354676168,1.0983684293231712,0.999887493671163,stable,100,1.5,-0.01,10,0.1,2,7.111800319430825,no,0.03743804910080459
scenario18,1,1,1,1,1,1,1,1,growth,100,1.5,-0.01,10,0.1,2,0,no,0
scenario18,2,1.0916103747878523,1.0822751093158365,1.1009190479306306,1.0916103747878523,1.0898038018841352,1.0934199424559947,0.999887493671163,growth,100,1.5,-0.01,10,0.1,2,9.1733201682443,no,0.01707929774707153
scenario18,3,1.175050360115617,1.158457242157881,1.191264474118616,1.175050360115617,1.1715033447017782,1.1786081149937542,1.0833641514354186,growth,100,1.5,-0.01,10,0.1,2,8.46310158580727,no,0.027919851841504976
scenario18,4,1.2396731596844548,1.2196961827477553,1.2592736112681056,1.2396731596844548,1.2342095802198523,1.245160925236286,1.1350138538417487,growth,100,1.5,-0.01,10,0.1,2,9.220971663778336,no,0.031925696068489766
scenario18,5,1.288436362400052,1.264690377063455,1.3118642629194401,1.288436362400052,1.2810006770832567,1.2959152088307477,1.1830191582631848,growth,100,1.5,-0.01,10,0.1,2,8.910861958620558,no,0.0366132835370397
scenario18,6,1.3323004191814216,1.3046046010894268,1.3597261129355538,1.3323004191814216,1.3227478722273043,1.3419219521873982,1.2277546438589602,growth,100,1.5,-0.01,10,0.1,2,8.515200968319146,no,0.04137318509589167
scenario18,7,1.3779733475569544,1.3472099346427187,1.408490040341173,1.3779733475569544,1.3662080231645455,1.3898399909693893,1.2695447812554326,growth,100,1.5,-0.01,10,0.1,2,8.540743729756315,no,0.04447118357339753
scenario18,8,1.4226001500053373,1.3891586965993032,1.4558733521686997,1.4226001500053373,1.4084400220482052,1.4369026405910676,1.3086721735648328,growth,100,1.5,-0.01,10,0.1,2,8.705616176598598,no,0.046896280426475555
scenario18,9,1.4596763653731297,1.4238509996137003,1.4955718707955163,1.4596763653731297,1.4430647466538045,1.4764792061960474,1.345384180726829,growth,100,1.5,-0.01,10,0.1,2,8.495133678809546,no,0.04913477595664323
scenario18,10,1.4890827087765433,1.4501934830535208,1.528184654342743,1.4890827087765433,1.469511122688851,1.5089149577310028,1.3798982999416365,growth,100,1.5,-0.01,10,0.1,2,7.912496800635581,no,0.052375311881299874
scenario19,1,1,1,1,1,1,1,1,decline,100,1.5,0.01,10,0.1,2,0,no,0
scenario19,2,1.0195984811484777,1.0129973349194397,1.025723186799073,1.0195984811484777,1.011935824923893,1.0273191611122858,0.985,decline,100,1.5,0.01,10,0.1,2,3.5125361572058624,no,0.012481238560986234
scenario19,3,0.9854571165712994,0.9718009699886259,0.9993436201853677,0.9854571165712994,0.9716476084314941,0.9994628918694948,0.8869046533480557,decline,100,1.5,0.01,10,0.1,2,11.111956945000708,no,0.02794911085788388
scenario19,4,0.8956589372148155,0.8754560290566733,0.9158283484381676,0.8956589372148155,0.8769705975899256,0.9147455274069365,0.814976084180733,decline,100,1.5,0.01,10,0.1,2,9.900027080572576,no,0.04507555019440553
scenario19,5,0.7949287748093992,0.771687258643548,0.8181185369710717,0.7949287748093992,0.7730273646745272,0.8174506956633164,0.7362787048182442,decline,100,1.5,0.01,10,0.1,2,7.965743081708871,no,0.05840935666048391
scenario19,6,0.7106213636560949,0.6870520808044921,0.7344282472712391,0.7106213636560949,0.6862433868168386,0.7358653390116092,0.6497767473744898,decline,100,1.5,0.01,10,0.1,2,9.363926383554958,no,0.06666864928321338
scenario19,7,0.625955472199357,0.6007445718767971,0.6522638727536549,0.625955472199357,0.6003297666209667,0.6526750378908089,0.5541782085593995,decline,100,1.5,0.01,10,0.1,2,12.952018417783759,no,0.08230505709270286
scenario19,8,0.5101331350751358,0.4809836065896924,0.5407345654076768,0.5101331350751358,0.4854156513022346,0.5361092391715157,0.44779552625426416,decline,100,1.5,0.01,10,0.1,2,13.920998573236199,no,0.11712816657005412
scenario19,9,0.3691015438743538,0.33599311630009115,0.4040664834052153,0.3691015438743538,0.3480281493723285,0.3914509499767018,0.3281614708956433,decline,100,1.5,0.01,10,0.1,2,12.475587968012738,no,0.18442991701030936
scenario19,10,0.24474269302561308,0.21330703464591927,0.27898734121629926,0.24474269302561308,0.22793875825964005,0.2627854352053627,0.19008632907181933,decline,100,1.5,0.01,10,0.1,2,28.753442828149534,no,0.26836472933435584
scenario20,1,1,1,1,1,1,1,1,stable,100,1.5,0.01,10,0.1,2,0,no,0
scenario20,2,1.0279371358916023,1.0227824322602936,1.0329210272524056,1.0279371358916023,1.0247144127015906,1.0311699945346053,0.985,stable,100,1.5,0.01,10,0.1,2,4.359100090518001,no,0.0098630496341764
scenario20,3,1.0484439664232839,1.0404996892734009,1.0563799834260406,1.0484439664232839,1.0425600029394524,1.054361137613321,0.985,stable,100,1.5,0.01,10,0.1,2,6.441011819622728,no,0.015146535877176685
scenario20,4,1.057402713984249,1.047855997275908,1.0670308321392885,1.057402713984249,1.048947627430157,1.0659259531198126,0.985,stable,100,1.5,0.01,10,0.1,2,7.350529338502438,no,0.018133899799756027
scenario20,5,1.0577271373731425,1.0456587690662553,1.0703410921065872,1.0577271373731425,1.0467904800594128,1.0687780586923985,0.985,stable,100,1.5,0.01,10,0.1,2,7.3834657231616765,no,0.023335246084004498
scenario20,6,1.0558215730407507,1.0417567691643739,1.0705645827451724,1.0558215730407507,1.0424251296407723,1.0693901771942131,0.985,stable,100,1.5,0.01,10,0.1,2,7.190007415304646,no,0.027284736660411715
scenario20,7,1.0558311729253465,1.0405251302518828,1.0718851423721631,1.0558311729253465,1.0399694178778554,1.0719348536187867,0.985,stable,100,1.5,0.01,10,0.1,2,7.190982022877813,no,0.02970172971251885
scenario20,8,1.0573711691807477,1.0406818897985894,1.0747741911883892,1.0573711691807477,1.0389714698523724,1.076096718587974,0.985,stable,100,1.5,0.01,10,0.1,2,7.347326820380479,no,0.03224251084528297
scenario20,9,1.0578916657795143,1.0401520906081232,1.076311920093931,1.0578916657795143,1.0368551155413006,1.0793550224628061,0.985,stable,100,1.5,0.01,10,0.1,2,7.400169114671506,no,0.034181032572142694
scenario20,10,1.056551703254877,1.0373002038936823,1.0764248567494898,1.056551703254877,1.0322126773090905,1.081464630487687,0.985,stable,100,1.5,0.01,10,0.1,2,7.264132310139799,no,0.03703051420510497
scenario21,1,1,1,1,1,1,1,1,growth,100,1.5,0.01,10,0.1,2,0,no,0
scenario21,2,1.0847201970910536,1.0786942236600188,1.0902639641405527,1.0847201970910536,1.0826530550344269,1.0867912860042124,0.985,growth,100,1.5,0.01,10,0.1,2,10.123877877264327,no,0.010666105887546918
scenario21,3,1.1636940661416713,1.1528925395405325,1.1739064434134774,1.1636940661416713,1.1596759013153008,1.167726153520501,1.0699056891897918,growth,100,1.5,0.01,10,0.1,2,8.766041521183297,no,0.018057928182635068
scenario21,4,1.2278788363167537,1.2139071128495968,1.2413756642378464,1.2278788363167537,1.221717078150673,1.2340716714517797,1.1219922314616608,growth,100,1.5,0.01,10,0.1,2,9.437374153397696,no,0.022370734453446953
scenario21,5,1.2780969220716911,1.2614405241905775,1.2942041568061544,1.2780969220716911,1.269716929020856,1.2865322221613844,1.1704111341346697,growth,100,1.5,0.01,10,0.1,2,9.200680410190879,no,0.025634701132422513
scenario21,6,1.3220456072209628,1.3028293329513667,1.3407236965665197,1.3220456072209628,1.3113033397904426,1.332875875883576,1.2155378758336604,growth,100,1.5,0.01,10,0.1,2,8.762189439325823,no,0.028663431433965214
scenario21,7,1.365844160358801,1.3440537305890372,1.387140536118133,1.365844160358801,1.3526318191655426,1.3791855580753012,1.2576980700803635,growth,100,1.5,0.01,10,0.1,2,8.5987323071528,no,0.03154591627625887
scenario21,8,1.4094658977042416,1.384884996439068,1.4335400905615654,1.4094658977042416,1.3935835324535921,1.4255292707811762,1.2971755627224073,growth,100,1.5,0.01,10,0.1,2,8.656525624501311,no,0.034520235077519494
scenario21,9,1.449650195917581,1.4219972714452718,1.4770098900125026,1.449650195917581,1.4309906022107672,1.468553103896876,1.3342189737394547,growth,100,1.5,0.01,10,0.1,2,8.651595011769597,no,0.03794889189278497
scenario21,10,1.4861419082456047,1.4540046784419534,1.5177738580984996,1.4861419082456047,1.4640470377600816,1.5085702265570393,1.3690470308675569,growth,100,1.5,0.01,10,0.1,2,8.553020804832794,no,0.042909212978070176
